نام,شماره موبایل
شرکت کننده 1,09011312731
شرکت کننده 2,09546181702
شرکت کننده 3,09862251096
شرکت کننده 4,09639110058
شرکت کننده 5,09660889138
شرکت کننده 6,09028186325
شرکت کننده 7,09434180670
شرکت کننده 8,09415581207
شرکت کننده 9,09581934878
شرکت کننده 10,09164254395
شرکت کننده 11,09010690536
شرکت کننده 12,09655562901
شرکت کننده 13,09251336773
شرکت کننده 14,09387927874
شرکت کننده 15,09047452852
شرکت کننده 16,09000691968
شرکت کننده 17,09258899766
شرکت کننده 18,09222943717
شرکت کننده 19,09954693442
شرکت کننده 20,09866895205
شرکت کننده 21,09051616237
شرکت کننده 22,09934251545
شرکت کننده 23,09814638055
شرکت کننده 24,09976765944
شرکت کننده 25,09232803460
شرکت کننده 26,09401593268
شرکت کننده 27,09068399137
شرکت کننده 28,09432854294
شرکت کننده 29,09978297416
شرکت کننده 30,09936164867
شرکت کننده 31,09146838594
شرکت کننده 32,09889439641
شرکت کننده 33,09179489968
شرکت کننده 34,09148855284
شرکت کننده 35,09322611976
شرکت کننده 36,09075303336
شرکت کننده 37,09582048075
شرکت کننده 38,09546588295
شرکت کننده 39,09552644541
شرکت کننده 40,09476561704
شرکت کننده 41,09688814547
شرکت کننده 42,09706317688
شرکت کننده 43,09632143778
شرکت کننده 44,09331254083
شرکت کننده 45,09877642414
شرکت کننده 46,09084279178
شرکت کننده 47,09720778067
شرکت کننده 48,09162545124
شرکت کننده 49,09758916797
شرکت کننده 50,09771380047
